path	bytes	sha256
images/15-c-summary.png	222652	e71ca77729e19fbb105b333f9a847dde28a625c507ab58cd39271b8938415753
images/16-c-designed.png	278819	8c8ce26515350241d57d760ea4101b60a7f1e03645db6e92be3b9c4c431cf0bd
images/17-c-prior-work.png	274635	137d55e9c67d4d6bd926c398bbf7ffc2e82cc9e93d3a4a4cef863ba34f129dff
images/18-c-water.png	191179	7e85264548c9a9ece6dc5cdd4a0ef335f8cb4b325a7ecbd88d9da6847a50ae53
images/19-c-bottom-line.png	330497	604de0ef79c06960c7fad25a3362f7d0ece1597e993424bb08bd05dbb6a08fe0
images/20-c-readme-status.png	308390	e947f1b2bf56b8116bb0860aea77e41b37421260d4f020204a56d410b1161406
images/21-c-readme-caveats.png	344228	865f52ea6089a47e03fd98ec629a8f4d2d9ce101e0538708ad896888f3342c38
images/22-c-caveats-general.png	342897	cafbd8d4de1a65c6e9dde768320333d1b65042587f4baea225ff7ed6e4b473c7
images/23-c-caveats-kvcr.png	1090939	61f961d6708553af48bffce1d4674e689e9df21d4abfac32dd5022c7524a9a1e
images/24-c-caveats-design.png	798003	3394b50f1e0bc81e3e0ee7768aa12d8347fb3d9661b3f9c07451a091fe9896cd
sources/c-about.json	8278	4b783ca3521dfc94f3f0ebbf37b9118d1a75866087adfe1509f9bb0a558b475c
sources/c-about.txt	3466	98263f4b4fae1fe32856ec8e729851f4b10164553c7dfa803bf5003845b8f7e6
sources/c-acs.json	553	6ed947c9860b73d9b6c6630fcd1232d3f478e2dd2a33b9dfa26fe8e7059a0d02
sources/c-acs.txt	232	decbeb53c3395b518ceeccadfe62a6c37c2ce0437ef09dbcd1b419009f1400ce
sources/c-aihot-all.json	48606	e3304ce0b28202f6df7b5264b69d466e728abcb339a1f0fb255a09ca9a8e8f69
sources/c-aihot-all.txt	19287	4cbc87a0a5a09d9ef5712961b7d76863fbd4726fd69423e930976642149e7c4a
sources/c-aihot.json	21815	8521f0860ec4772f0e611718b3eec1fd22dd2f8dd769f9f7786204065287ad49
sources/c-aihot.txt	12581	2e2b09e693821b783497304cfa89cf98355aa433efc222ab07a677ecd2156a1a
sources/c-aps-terminology.html	46169	70fbea76705f3837899007e3fb2506115e461355c4c1bffb5366b8c042deb3e6
sources/c-aps-terms.json	27789	61cd2cb91b3b4f335e716d73ca04fd0af707b129ab3162819fb6aee58e137396
sources/c-aps-terms.txt	13295	e34ef824fd5e8a389ea81571562a3f74e08b14c567d838808fa4b5c1c470839c
sources/c-blog.json	17747	7161758645ce1c106526329e9b21f7c295a28b0881be4923d14874aeb787c42e
sources/c-blog.txt	11866	d4136a3a90f25216c798d6a98b70d03d2ed17567ecbc5423df3ce5e753fa5f90
sources/c-capture-records.jsonl	7856	1510c95851e98b89938020e778ed14fb111ae1641849f7418567836a3a30c4b1
sources/c-capture.mjs	1489	d6885b5b81965bb72af169d5f5fafa71464f24dbe68da68ecb3a58069cac12e2
sources/c-caveats-verbatim.md	11561	7cc652f06914c6c3113d0034ad92b956c928961d13b09f76e712c70736815a86
sources/c-citation.cff	989	8ef5f2b42fb3371cfe5283d343237ced6f968f994a4530d5f1cddd23fb8d1ce7
sources/c-dossier-k.md	35535	ecfbc5cd3075c3cf889e2b1940404e2be0c045a2191ebf1b63ed800232108c0a
sources/c-dossier-y.md	25833	175b1ecef513b53c4b04ee7dc5e6d6ceefaaca827a3d7b0c835665847614db07
sources/c-final-check.mjs	2890	8ae18f89d862179d08dbfb6ba1253857220545e204ae838a65a55e43a4b88f37
sources/c-github-author.json	1420	f2e56b1e4b50300d0784d20e0c2d93506b2eb823e9e8607b42f7bf05d526d8a3
sources/c-github-ledger.json	36441	fdb073edc1ec682246503aaaa347de3f79837c892322075dee6063a3c11e101a
sources/c-github-ledger.txt	27468	0c2088d33c9912826c1c4e9762fb32fad30d13939ce91a10ca865af25b3a3fc6
sources/c-github-readme.json	31321	30b19e9985c80f25bcb9f3f96e481b536dd76c7b3d57c9f6a9aafbaf6c0bc7a5
sources/c-github-readme.txt	13345	3a0a33f0f3a0957ee05d4d3a8063c4b9fafd990ab9124010a25f29c6aeb5c568
sources/c-guo-2025-abs.html	42582	62e08bc7e538be7d6957eeed30a8e16b232c14ef25002badbea18c12fcca83bb
sources/c-guo-2025-v1.html	98112	8de5fc5f085f3da279e5822b5f7081c5fea80b61c591731b45d1ce41044ffbd1
sources/c-guo-2025.html	7715	764cf312ddc9ccf1d502c3dec1f4acac7f422edd8fbe69f1c8c2153c4e1dd283
sources/c-guo-2025.pdf	1039606	658affcf8ec881ed2141bf70f5710e6ad3471a2fe5e81d460f08dfa56f96e5a8
sources/c-guo-2025.txt	37327	5750e88a676c72c356c8b39c5d16868ffeff879acc892ad50b46570dd4bd79b4
sources/c-guo-page-3.png	742927	dfb3b1147d8b6e3738991bd73c7e3c95f0e02eead94544730d960f84f50aa385
sources/c-guo-page-4.png	665118	f49efbfb8e10062102bc4ad255f4ce262a61d3191849fa858427c43b34bc1e5c
sources/c-hn-extract.py	668	1bb3b946d7b73bb49cc04170f9140a22219a094f331a928e39ff60a30cef16e8
sources/c-hn-page.json	174071	3169c5b51ad4c144b80568f87763ae680597f8be12085e360b1106f84f449210
sources/c-hn-page.txt	40297	85c8f2fce0379a550c41154608ced2ffb1c1fd64a0be31b86ee5467f0ee4dcdb
sources/c-hn.json	105036	5de62f025fc55763f20974e562bc036bcbcb1df34a7e8e88ad4b82aea4bcd455
sources/c-holmes-1999.pdf	34978	5deaa1682004c0e5098025b56be22e0e5004a7f65cdc4c8a3137724805855870
sources/c-holmes-1999.txt	16803	f32fe9d03fefe53fbc922c27fdc2d9246face18695f81141a66dc1017f56683a
sources/c-holmes-page-1.png	910436	bc7908e4c34124148c921c6e70a74de2f0c146c03644bade9bdc0fba99be6b31
sources/c-holmes-page-2.png	608433	042eac105baa02c88399274f6ee271a57cea813150d0725596ef3275806106c7
sources/c-iop.json	32132	e7209d2fde944f406c2db78a71d851806d602ba4be5b1d5112a807fcb976e634
sources/c-iop.txt	6097	91a43771bb1e45af54cc907f5f982bb443880ebc531c5d0dcb3214d7ba8e4c87
sources/c-ledger.md	32085	b56b89fa73f7e247207ef7aa6598c0e27ef186207992bab2a74418ceecafae57
sources/c-middlemiss-doi.json	11273	f0faabec86d24c23047400779fd4f9fe6343196ca4448f04b8abe3b767d52703
sources/c-reddit-accelerate.json	3468	5382f0c0d9027b219fa027b4555b09ef1e9d1427a5ca644962731793f1f6ff76
sources/c-repo-commits.json	50941	5a16b2c4a285ece074927f2c892bc3b7dfcf6559df78682a2e67f775f4df2b7f
sources/c-repo-readme.md	12041	d2b379aa8d190d51eaeb0d4659aee4ccce2c9e2cb4438529ba033903ba118740
sources/c-repo-tree.json	1270444	6928a8df2acf8d0afe59166f8110e50997e359ecf4c31372c3419fc0d03ede82
sources/c-rerun-results.md	2417	e968618309bce8018c6b74a7aa89c4ac13d79225418da5be94155d806378b515
sources/c-shot-records.jsonl	16224	1c0e4905f768935483a6207fb90853d6a3a0f15c0ea9e4869ea4ed05e05dafc0
sources/c-shots.mjs	2286	60ddfb4ed16d95010d208e7522996ef8dde39635598abbf223a930fe1b3ef054
sources/c-singularity-oembed.json	977	108e321b75ba1eb772f447b84cea5912b61bd233c27a4b1cc21e6f9673afcef8
sources/c-social.mjs	1906	98c518429686894cbcbaab1b2efe5c00b74e91dbf7676241c0316d923c45b76f
sources/c-vals-oembed.json	938	33d41f07985fcb7cc43d0a203008ad0762c6b2bc5dd97a4769cd1e002f4c0128
sources/c-verify-source.py	31732	d924f9ce441f76fe15986b01fe0e7212dacef1bf4358a431b22db806dd5ea6e7
sources/c-x-search.json	5090	ea86b0b36288f2a47fafdad7134c5fd471fb13b6e70eaced77172c24d26bd798
sources/c-x-singularity.json	1357	193cc68139c7863f0a6cc5ed545878601f788fff605b0a829f4cf0b5ca556e6c
sources/c-x-vals-agents.json	11222	4a70574d2d345a0c5698e5602d48a806c93bf26995067294adb3b87b0dd7eea5
sources/c-x-vals-main.json	1007	21957a3fd0c662a617a12818319238555c7bbe3e2318aaa58c5498c789165181
sources/c-x-vals-search.json	822	662cf29f085c2db7d91f50f01dce3d8c70d085840357892394104762f7da05a9
sources/capture-log-c.md	12296	d3c2cc15d7014901d6d5096746d64c95cf998578b51284a1e866c656900b989c
sources/evidence-c.md	19657	a3088e38099b3c7c1a224ab2e59a90512e2bc7b2b05666acacd729d73ac00d0e
