path	bytes	completed_beijing	sha256
docs/0928/images/01-sonnet-benchmarks.png	178519	2026-09-29 03:16:45 UTC+8	41C16F63D7DF3A506DDF4BBFC7FA1B8A6ED22A7BCC6020ED29DC834698E68506
docs/0928/images/02-sonnet-footnotes.png	136519	2026-09-29 03:16:45 UTC+8	62D691ED843937767FE0E98DEB53F20EBCE1F5063E43BD96CA8EBFE46F650E8A
docs/0928/images/03-casp-title-authors.png	72357	2026-09-29 03:16:45 UTC+8	D68016CBFFFA43B7F787F1808EA92879BF19DA321989DBCD4BFF5CBC55A66F15
docs/0928/images/04-casp-caveats.png	136118	2026-09-29 03:16:45 UTC+8	70057AD059CE646C6F37311B78FC3A5779011DF77ACEB2C80D50AB99A3147F71
docs/0928/images/05-casp-millions.png	67205	2026-09-29 03:16:45 UTC+8	E0AFFF6F075C7FD19D1A7C6C2BB5D8B73B566BCB9B1A370F1D37B4DB22437D5D
docs/0928/images/06-mimo-repetition-rates.png	185568	2026-09-29 03:16:45 UTC+8	AB5482E49AA65EABC795941A94EAC2F098A5253B6106AEE9C70E96DE22C525BA
docs/0928/images/07-mimo-rl-worsening.png	107608	2026-09-29 03:16:45 UTC+8	E542CB5D8E4BF9C9A471152F48B2CBAF8BCC03F1851B66CCB8638C9A4BD9D931
docs/0928/images/08-mimo-cost.png	89374	2026-09-29 03:16:45 UTC+8	A57722B391F1067BD87A16964474EB93487D2BA4BBB5A81562D899BE8795F57D
docs/0928/images/09-muse-inc-datasource.png	72525	2026-09-29 03:16:45 UTC+8	0DCFCB8975F0379D8A99D0E61F6C68C049E51380166E4308091295762BFFB586
docs/0928/images/10-muse-meta-promise.png	27235	2026-09-29 03:16:45 UTC+8	806877DD1FCD8F0F2C8A5FFB69E032BC074757E82FD51016949712C57C6ED576
docs/0928/images/11-overclaim-a-bilibili.png	20200	2026-09-29 03:16:46 UTC+8	3A1A6E7352906C33122B33562DDD024897718D7E6E6C3A1A36C39099DEA6C27C
docs/0928/images/11-overclaim-b-axios.png	17906	2026-09-29 03:16:46 UTC+8	278531C250C92538876C917612A09E1F9C1EF2F026CDBFB177D956934AD0E1E0
docs/0928/images/11-overclaim-c-chan.png	35196	2026-09-29 03:16:46 UTC+8	8BE08AE218A3CEB9AB577EF9D19792A7B84AACFA9329E4391A95F2E48DFDE5F6
docs/0928/images/11-overclaim-d-icwork.png	52415	2026-09-29 03:16:46 UTC+8	2BB6F3ED2DA2C4EECB873FFBCA55AEC8DE33ED50DC7782F8A3603A6BBD0B5C48
docs/0928/sources/a-aa-body.md	11211	2026-09-29 02:57:13 UTC+8	75C77250E3895D09E51CC03F80ED7BA83049E860D360AD0DB7A758E773AE68E2
docs/0928/sources/a-aa-home.json	20958	2026-09-29 02:55:15 UTC+8	E61F2C218E47815201DC5F1DD1BCA5C98B8BA2514D8DD2E651FDB40E2528D689
docs/0928/sources/a-aa-home.md	20212	2026-09-29 02:55:15 UTC+8	34313C1F413C5F83400C90FA46A034556D74EC31AA395D0739CF8E7C93D8CBD0
docs/0928/sources/a-aa-model.html	3807737	2026-09-29 02:56:16 UTC+8	D73B9B6BF71FF64B1EB1F1CCF0E7A58C6C49909778E57E0FA0C9CEAB08800854
docs/0928/sources/a-aa-model.json	15276	2026-09-29 02:56:14 UTC+8	96509F9C6BFB078AFD52BC8C80AD46F720DF5B34D61F23B7D875FDBEF505BAC2
docs/0928/sources/a-aa-model.md	14593	2026-09-29 02:56:14 UTC+8	73D10156B45F09D1E111DFF5716CA4E298F3755700EA5D6A1CF07B6612096440
docs/0928/sources/a-aa-network.json	11645	2026-09-29 03:00:27 UTC+8	80363AC2F34FC12C8B4D37C3378FA579D66DF9C24E7E791674ED13547005EBEB
docs/0928/sources/a-aa-schema.json	18901	2026-09-29 03:00:28 UTC+8	57F7B01003FC50F6C5281031DB6E06555865725BE043A0D09B243B26DB07DDA2
docs/0928/sources/a-aa-tb-body.md	19385	2026-09-29 03:01:30 UTC+8	41C126324D68B17B50EE59960667212791558758E6F4131BDF80B65BC746FAD6
docs/0928/sources/a-aa-tb.html	974840	2026-09-29 03:03:44 UTC+8	CB5256E20768D4C268A4BC9C0E770FFD4870611D08BF251BDACEF43C8070FC49
docs/0928/sources/a-aa-tb.json	16706	2026-09-29 03:01:29 UTC+8	2DF81A5E66626B7CBA6AF2FDE381E6086FA03EF828B4E1B326B2369C9CA9DDC9
docs/0928/sources/a-aa-tb.md	16103	2026-09-29 03:01:29 UTC+8	388801D35BE7C887F56A79A2970265D1A7CB13A09B87F6504EFFD8C685C300AB
docs/0928/sources/a-availability-direct.png	232947	2026-09-29 03:03:14 UTC+8	313A5B52B69A83DB6861A7230B1479952F32E00BE6DBE6A433717529DFE2EF0F
docs/0928/sources/a-availability-tall.png	343847	2026-09-29 03:03:40 UTC+8	2138774347A322673B87B692EBABEB136293D462583906969CE3F41D6959E070
docs/0928/sources/a-benchmark.png	116284	2026-09-29 02:59:22 UTC+8	2AA3605F50800B1E0C9879831646E7FC08E75FEDB6AEAA183499DD396237ED63
docs/0928/sources/a-crop-test.png	128940	2026-09-29 03:01:50 UTC+8	313A7A91327642E35DD6BB2BF0BF3BC5792AF317522BA8F49589A768D25EE814
docs/0928/sources/a-cyber.png	118484	2026-09-29 02:59:24 UTC+8	5AA271E7D672512EBD74DC5417607825EF769D4788825315529717AA94ED95DE
docs/0928/sources/a-end-crop.png	161609	2026-09-29 03:04:48 UTC+8	C1B8B3F787E43B55949BA38C3F5FFCD997580146C5A9215C37DEF393EFBA9F48
docs/0928/sources/a-font-audit.json	3	2026-09-29 03:12:43 UTC+8	37517E5F3DC66819F61F5A7BB8ACE1921282415F10551D2DEFA5C3EB0985B570
docs/0928/sources/a-footnotes-anchor.png	149143	2026-09-29 03:02:39 UTC+8	126A269A755381301D5DDEE6E41F8AC25BC0A6549C72A90F8226272A677F380F
docs/0928/sources/a-footnotes-end.png	122738	2026-09-29 03:00:58 UTC+8	232219E4A441B76082D65EAADB04F5CCCB6BFB29611AC41013A74F0781033B36
docs/0928/sources/a-footnotes-final.png	135062	2026-09-29 03:01:21 UTC+8	464D3936C82BCEC0BE254924749C00604180BFD27C7A4D015383E3B152184EF0
docs/0928/sources/a-footnotes.png	96773	2026-09-29 02:59:28 UTC+8	6BA56DD848D2463916A804156F60722FE119E96F2E46DC56155C4A7AC4CE36A1
docs/0928/sources/a-hn-item.json	579	2026-09-29 03:08:06 UTC+8	CA7D65AC2B0831EF0A85C136742B208328BC3FF78ED49ECA8FAA3D10ED35F193
docs/0928/sources/a-hn-search.json	17632	2026-09-29 02:56:37 UTC+8	A581B429C8960DFD1090FB3247290846CBF4A1F2EC3C407ACFD3E37C28F60870
docs/0928/sources/a-notes-default.png	93720	2026-09-29 03:04:51 UTC+8	570B1B63972AC56E9042C99CFA5041FCD22AE686367A617EEC6612AFA384E253
docs/0928/sources/a-notes-good.png	126260	2026-09-29 03:05:07 UTC+8	08311757FAF72AF70B696982DF8E4E5B9573114A51A7A026B46CA82DB4134103
docs/0928/sources/a-safeguards-direct.png	248249	2026-09-29 03:03:07 UTC+8	34E6F17EAC30D431DE660CEC205C996DC38BBE3AF77ECA3D7EACB072F2BA3730
docs/0928/sources/a-safety-anchor.png	214435	2026-09-29 03:02:32 UTC+8	DFCD2E19055D45ECB81763CCB87D9ABB035E1A71E2D8DC4870508C7EC19C38D1
docs/0928/sources/a-sonnet-extract.json	15999	2026-09-29 02:51:10 UTC+8	E32B25DC84173CE1BFBB0C5CE3E67AFA48B9EC772774A6BC691F464F4548A18F
docs/0928/sources/a-sonnet-full-settled.png	3951268	2026-09-29 03:01:03 UTC+8	25A73AB9F97FA6C89F4C7C8244DD3462DA34F0A4E182BC77AFEF100BCF088425
docs/0928/sources/a-sonnet-full.png	4291014	2026-09-29 02:51:17 UTC+8	02589093306EA4A845B6348C715ACACBDC609FE0FC48F63B2AD87BA3677CBDBC
docs/0928/sources/a-sonnet-viewport.png	662113	2026-09-29 02:58:31 UTC+8	2A660B8DB4B3D59CC53402882430712C37DE30B8CDC7095C611484B8199E9C92
docs/0928/sources/a-sonnet.html	430167	2026-09-29 02:51:43 UTC+8	F3BDA85B21AE86969F4153B391FF0BC817895341C7AA3E0C35E75259AA4F4C88
docs/0928/sources/a-sonnet.md	15459	2026-09-29 02:51:10 UTC+8	8400DAEFBC137F6EE79C74300CD7FAA668219EC9B1ECEB8BD2DCB3788DC865F4
docs/0928/sources/a-system-card.html	13101289	2026-09-29 02:51:46 UTC+8	89CFD6A6D3AA6148EAF23F4A53006950EE7746009F381237C62920C720725785
docs/0928/sources/a-system-card.pdf	13101289	2026-09-29 02:51:46 UTC+8	89CFD6A6D3AA6148EAF23F4A53006950EE7746009F381237C62920C720725785
docs/0928/sources/a-system-card.txt	253420	2026-09-29 02:53:46 UTC+8	50ECFEFB8687CCF0939F4E98BD89C1AB5E53792294D7EAC9FD121FF14929D71E
docs/0928/sources/a-title.png	878120	2026-09-29 02:59:15 UTC+8	87D05B369B3DCEC1CBFB0BE96B87D63612AA574438B95C30B2FD43998480C9FE
docs/0928/sources/b-author-thread.json	10553	2026-09-29 03:03:52 UTC+8	77674BE2361F631C405DB052B93688C8AFC1913FEC4FAF7695FF4AFD8E5EE711
docs/0928/sources/b-author-x.json	5627	2026-09-29 02:59:34 UTC+8	695AC5DCB58AFAAF666B937AA4D5FCDF0EA8623863D7BBDA915C3AB68D218975
docs/0928/sources/b-authors-02.png	250818	2026-09-29 03:04:26 UTC+8	B95F170931FD8F86B88BD6CDC3EB324721E6BD081D32A0142F3BE700ED326533
docs/0928/sources/b-authors-render-errors.txt	48	2026-09-29 03:04:26 UTC+8	A3B85820DFB49D29BC09F8A3D92C6BDAB7075C9E4C5F4400CBB4C19F7D7465A3
docs/0928/sources/b-authors-transcription.md	1608	2026-09-29 03:06:51 UTC+8	249F77DE125BCB5F0BD624A1EE4C7B45D885C948D7FEDD2B12CB56CA742E9B22
docs/0928/sources/b-axios-extract.json	38789	2026-09-29 02:56:50 UTC+8	3D6F85119B0C24E0B662817356E00FB1F7851FF27C4485A991A458CFD3DAA5FB
docs/0928/sources/b-axios-schema.json	3724	2026-09-29 03:00:29 UTC+8	F09B5BB031FAE66CBBA56383D59B6E88758588FD75FECD75EDAB788C71CA2112
docs/0928/sources/b-axios.html	5560	2026-09-29 02:51:49 UTC+8	41E787CD0D1DA909632E6FED72B09155B8C4E45DF81BAC9D9074A05A413603A6
docs/0928/sources/b-axios.md	38402	2026-09-29 02:56:50 UTC+8	D648055338F3F6B76F919D8AE3A286B875C266780BB94C3D263D5FDF15EC139E
docs/0928/sources/b-casp-extract.json	2099	2026-09-29 02:52:14 UTC+8	F16C0CF6B6C6412137C8E4CA441B50F41E37C29BE7A6B750A0B034A6B9DC2DF4
docs/0928/sources/b-casp-viewport.png	148962	2026-09-29 02:52:21 UTC+8	0B6B5E0A4CD83DF4A17AC4DD4C81C83E38B90FFBEECB5EC98DCD7042F28B0C95
docs/0928/sources/b-casp.html	3240	2026-09-29 02:51:47 UTC+8	03A7C4F24E4D7D64E645FACE9A5C7A6945A1E4338D5548D7354E0A5B2A89BA2B
docs/0928/sources/b-casp.md	1795	2026-09-29 02:52:14 UTC+8	0754EE26DEDA8091E27A55C1FC114382D1C8D38DABE57083B7F42156D18E1EE4
docs/0928/sources/b-guardian-extract.json	12846	2026-09-29 02:55:47 UTC+8	379C81E960E136E3CC421961FC5D62E30195C0A9F68C1C863F44DBCCFE60E687
docs/0928/sources/b-guardian-schema.json	2581	2026-09-29 03:00:30 UTC+8	2AA00B1EB9B78E36CD90633123EB8843593EB175763FA7829466DEF3267CFAB7
docs/0928/sources/b-guardian.html	449348	2026-09-29 02:51:48 UTC+8	933991155B6708B4E0C1755CBAAA4C1139C4BBD1D3570307763A3D9E27E6CD3D
docs/0928/sources/b-guardian.md	12266	2026-09-29 02:55:47 UTC+8	FC30CDF8DE635E5678EFAA2231A8103DABDEC77190918BE4508AD5EC76469549
docs/0928/sources/b-hn-item.json	212	2026-09-29 03:08:06 UTC+8	754C74DE73B764810C244F5620FBBF0FDFD80BCA90124BCDD9263A53B4F9991B
docs/0928/sources/b-hn-search.json	47615	2026-09-29 02:56:38 UTC+8	70A2E36E34FE3B9207B45FB45B97333855EF5089564798B27A002CC9D51D0B45
docs/0928/sources/b-paper-reading.txt	61211	2026-09-29 03:05:49 UTC+8	BD7DD3015B2EBA2DDE4474B53D62F3F0F1C81A023AF7A2FF7D8C5CBFCA34086D
docs/0928/sources/b-paper-render-04.png	489935	2026-09-29 02:55:37 UTC+8	ABF6A98CE20EB7D6B80475C131365F22E3CDC6E085EF26F72354941009F5F75F
docs/0928/sources/b-paper-render-05.png	312863	2026-09-29 02:55:38 UTC+8	B756FDD80E5C0A6DC335D24AAAA1AD214F55E056DCC342B22BAAFA6CBEE7859B
docs/0928/sources/b-paper-render-06.png	498403	2026-09-29 02:55:39 UTC+8	0ECA633B2D1DC62087142474FC5808569AB71CE64DE8D4BC2F3AB793109EED76
docs/0928/sources/b-paper-utf8.txt	79220	2026-09-29 02:54:20 UTC+8	E55B5FB9071FA3861DE28D33774F4215F25176E171D955A43C17F8200D55149D
docs/0928/sources/b-paper.pdf	2418567	2026-09-29 02:52:54 UTC+8	BF18B0EA5879DB349E8AF3836593BF08F8060432156EA13ABAC4700C217288F9
docs/0928/sources/b-paper.txt	78172	2026-09-29 02:53:47 UTC+8	6726ABE0EEE7A8926725E5B449E019D59F0294BC12DBCC5031D3876EA1FD8030
docs/0928/sources/b-reddit-dom-metrics.json	200	2026-09-29 03:12:20 UTC+8	C28CFD017D79F354BE0850DE2DBB58B621ADDEF98CA36E9159E0E9E50D01192B
docs/0928/sources/b-reddit-metrics.json	2474	2026-09-29 03:07:23 UTC+8	DBAF5F984BF2E082991309D4F4EF8AC91A32DCD8BEB1226076F1C07AAADB7920
docs/0928/sources/b-reddit.json	2826	2026-09-29 02:53:19 UTC+8	C980F8AE0D268CE37744496644FD7BF088B3F3AD10D0FC92186C30A461161B6F
docs/0928/sources/b-render-errors.txt	2016	2026-09-29 02:55:38 UTC+8	24D8E5F61506B3BF6DB8A344FF33DE1934FA3A8964B6805825AB24EAA4CF86C3
docs/0928/sources/b-wsj-extract.json	4384	2026-09-29 02:56:58 UTC+8	0697A7695E1B648D15531488691F2093BAD4464D7E9B92DCD9D7AD8E6ADB41CF
docs/0928/sources/b-wsj-time.json	94	2026-09-29 03:00:31 UTC+8	0979011CB0101A156DEC4BE598D1A41B464C8CFB8910FF291B854EA802DC086E
docs/0928/sources/b-wsj.md	3939	2026-09-29 02:56:58 UTC+8	9E8728036D897671D4C3057513CEB2DA0348C8D4315856363E48BBD142D123DF
docs/0928/sources/c-before-report-detail.json	7833	2026-09-29 03:12:27 UTC+8	B23C3B26A94979B2965D9E3F6A6931B2CCB6517C953C67BCE2A3A4B6F0483218
docs/0928/sources/c-before-reports.json	13067	2026-09-29 03:08:05 UTC+8	B2BAD45584C9CA3BC7A9C711B776561006A84CBEF3A52FA14C7DA64BD177AA1C
docs/0928/sources/c-font-audit.json	3	2026-09-29 03:12:42 UTC+8	37517E5F3DC66819F61F5A7BB8ACE1921282415F10551D2DEFA5C3EB0985B570
docs/0928/sources/c-mimo-extract.json	16833	2026-09-29 02:52:39 UTC+8	C0A1118D756009ACCE79BEE9E4BEC74E52F22067FD1ECA796E1C3DC219C271C1
docs/0928/sources/c-mimo-full.png	2169555	2026-09-29 02:54:23 UTC+8	30DBD481E5F7E1B88219CF5A549766CCE64B6DF8F344599D77FB3C929B8CB0D8
docs/0928/sources/c-mimo.html	46376	2026-09-29 02:51:50 UTC+8	F3FD64EEE8692946C15D4FD7005D9C86F67012D1455D9103BB60ECF4F54F259D
docs/0928/sources/c-mimo.md	16232	2026-09-29 02:52:40 UTC+8	CCBFF7E5F7938A896ACDF3C1D92132EBAB6F54734317148FBBAEC37286585CD7
docs/0928/sources/c-opencode-search.json	6853	2026-09-29 03:01:57 UTC+8	D0CE82028277D4593128AA716005A68D13CC2F627E0029CB68241FC8F4BC0254
docs/0928/sources/c-opencode-thread.json	7577	2026-09-29 03:03:58 UTC+8	88AF9C088D61AE5FF4386486E1B8A922B392DBC3D561D6720E6A40553EC52A41
docs/0928/sources/c-reddit-metrics.json	6303	2026-09-29 03:07:41 UTC+8	AC5AE3B809A068D191CA240CC93B7BC0E76484CE9ABD9F66F78761A6FD9108B6
docs/0928/sources/c-reddit.json	2763	2026-09-29 02:53:25 UTC+8	801614A7BE9CB06EC3885B6F92B3C80069A21D414A63FD033EFE534F6C996FF3
docs/0928/sources/c-x.json	30906	2026-09-29 02:53:48 UTC+8	EB02B85CC0F728E716D34519CD5DA97AFC36482121E589442232BD2B0AF12236
docs/0928/sources/capture-log.md	31355	2026-09-29 03:19:26 UTC+8	28CA39245C3EB4833E062E87B46281670C29D307E6A2CA3A6838BAF8AA241EA3
docs/0928/sources/crop-captures.ps1	2480	2026-09-29 03:16:45 UTC+8	B948D585BFBFE62384358F191F228ABB1A608595F01EC26BB004879312C7942F
docs/0928/sources/d-9to5mac-extract.json	7792	2026-09-29 02:56:36 UTC+8	D06CFE54F4C0C995303E3DC4E7AD4BA00A7DAD54047A86B636A086712D32EF95
docs/0928/sources/d-9to5mac-readable.txt	4758	2026-09-29 03:19:26 UTC+8	9587214B0BFB4CE759835085B02A61A815E874C6AA26D61CAF22882A2EAAAE10
docs/0928/sources/d-9to5mac-time.json	3	2026-09-29 03:05:10 UTC+8	37517E5F3DC66819F61F5A7BB8ACE1921282415F10551D2DEFA5C3EB0985B570
docs/0928/sources/d-9to5mac.html	153768	2026-09-29 02:51:59 UTC+8	4B862FA1074B8C989898FF679D9E3D26E6E92A9E790A27BE12FCA314B0C64B0D
docs/0928/sources/d-9to5mac.md	7363	2026-09-29 02:56:36 UTC+8	FDE735C06D78B2EA361AB4FA4C84611F1BD62B91BAA3B805A06A8D07A762BE52
docs/0928/sources/d-download-extract.json	3711	2026-09-29 02:57:12 UTC+8	E0C39E75B7611F133B9BE28163A8E4815FFDF2ED8E83AF878279C4AB592570A0
docs/0928/sources/d-download.html	281910	2026-09-29 02:51:59 UTC+8	22FC97793B4A33A126AFB78DA5C5128AF37F96873F70D40FF28361F522FC9E25
docs/0928/sources/d-download.md	3396	2026-09-29 02:57:12 UTC+8	621753011E0D2AE081F50F7811A99DCDEF9E7E208C64F9905EEA4C8D324464DD
docs/0928/sources/d-inc-body.md	3660	2026-09-29 02:54:01 UTC+8	CF83DBAB0DEEB13440C83DCD72DE58055E5D6EEE4682E7764AB56C74D18AF7F8
docs/0928/sources/d-inc-browser.html	464877	2026-09-29 02:54:02 UTC+8	85E89B0AA89AE0645560252472B2D3736C2F0667ABC5CBB34CEC6167FB0D7F56
docs/0928/sources/d-inc-expanded.html	503623	2026-09-29 02:55:36 UTC+8	1D522F399D1A50AA94FF994D92ADB302E8190279729DEB8D6004663EECDB47AC
docs/0928/sources/d-inc-expanded.json	10027	2026-09-29 02:55:08 UTC+8	1D7A92CC62A370A545B3653598F9F35F23C08DC98B4D6B76A918901225178309
docs/0928/sources/d-inc-expanded.md	9582	2026-09-29 02:55:08 UTC+8	A8E083D3A9C4E45DE9EB02230CBF41BC1BF5FA77980FFE341E94D7AB6DF967A6
docs/0928/sources/d-inc-extract.json	3922	2026-09-29 02:53:10 UTC+8	3D617351897BBCA8FEDB0FBE8BFC5DFF286E5E72C8C94C68E3E7931F7353895C
docs/0928/sources/d-inc-full.png	2377130	2026-09-29 02:55:34 UTC+8	E4EB40B15CF9B875A4122429911EA0917A43F756F5679A7C1B29EABB2517579F
docs/0928/sources/d-inc-schema.json	13334	2026-09-29 03:05:09 UTC+8	29CAA7B91A8BF5E496BD5C814128A1C61B1EE97C8EA6E38FA6AF6ADAAC0434CA
docs/0928/sources/d-inc-singleton.webp	170610	2026-09-29 03:04:26 UTC+8	C2485C2E37DF41A55452A7C3C8335190D294D295D74A9A8EAD219131DA9E2D63
docs/0928/sources/d-inc.html	767	2026-09-29 02:51:51 UTC+8	B0F7FC627368B838B23268308457F94AC6824CD9711C3455DB6EAF4CBF683BFD
docs/0928/sources/d-inc.md	3516	2026-09-29 02:53:10 UTC+8	F05670D37EE2545229F79CECCB30BCE332E7BC8522C90A2F260408F3DBF23A60
docs/0928/sources/d-meta-extract.json	8058	2026-09-29 02:53:40 UTC+8	8F67003993B4941973D428ED03103DD665C6FF85EFCFF046248881F83B7E1000
docs/0928/sources/d-meta-full.png	872156	2026-09-29 02:54:25 UTC+8	D08774F8733981CEA9424741C6C64C9C2D484EE2CBF513F7CB16BAD93106A8E4
docs/0928/sources/d-meta.html	646549	2026-09-29 02:51:58 UTC+8	85C3AB62012E2A8C2C12F17A1E00D09E0300B56109C01E91E7DC234E81EB2641
docs/0928/sources/d-meta.md	7648	2026-09-29 02:53:40 UTC+8	92C563AD863BA0A2EA7C4D52FEBEED4458553D60FCBA36A37540F65AD3C7BEAC
docs/0928/sources/d-reddit-metrics.json	608	2026-09-29 03:07:47 UTC+8	0845679C67EA0C4CCE31CC2DC74854A23A04504C3390081A2E4DCEFCFFFEF019
docs/0928/sources/d-reddit.json	2077	2026-09-29 02:53:30 UTC+8	7A6CE72E82E6DCC67DD3154216271E494A7EB502D61B7361E27BBAEEEDB7C379
docs/0928/sources/d-response-links.json	193	2026-09-29 03:12:28 UTC+8	1C3887CA3ED9E9F401791BC385D19FCE7B2F6762312E51E5760DDE641581E2F8
docs/0928/sources/d-singleton-bug.json	1193	2026-09-29 02:59:41 UTC+8	D43D235FF084814FD26DE1FEBB46EC62D2D765343382663E8DD6EF76E005F8A9
docs/0928/sources/d-singleton-bug.md	572	2026-09-29 02:59:41 UTC+8	F58A8FCEFADB79C6BADB8B767DD2A253C0C8E4BF04E97AD868D740102DA30F39
docs/0928/sources/d-singleton-extract.json	1349	2026-09-29 02:58:39 UTC+8	E5DFE05D663B6E0262D8ABA9F7A516A990F22E9DCF442B42542E1C045A06271F
docs/0928/sources/d-singleton-image-transcription.md	1337	2026-09-29 03:06:51 UTC+8	83924B0EE84C0F91076F547A523008AE074B7B48FF6667D5A573DEBA2AA9F100
docs/0928/sources/d-singleton.md	572	2026-09-29 02:58:39 UTC+8	52D24D352B5CE863FCEB51E0E30333EBECBA70CF46DC3927E8930D48786B7CC3
docs/0928/sources/e-a-bilibili-browser.json	24309	2026-09-29 03:02:07 UTC+8	9EACE9F84D79181ED377D7A141FD9C2C5539EFFB5C126B8B208D63A02CED2C2F
docs/0928/sources/e-a-bilibili-full.png	728051	2026-09-29 03:02:08 UTC+8	D5E82896786B5EAF9221A0C4E15D38BF38D8813A75AC009405426E9FB719C092
docs/0928/sources/e-a-bilibili.html	56664	2026-09-29 03:06:53 UTC+8	144B083566001A540154E7A12D2124C378CF42D10A4081323069492A80CC1410
docs/0928/sources/e-a-bilibili.md	23252	2026-09-29 03:02:07 UTC+8	753302D85D583FD678355D093369A6AEE8231CBBF762DA573EAC389E20EECB9B
docs/0928/sources/e-a-bilibili.txt	893	2026-09-29 03:00:32 UTC+8	25571B1DFF209A5CB790D28740D3BEA6CE0692EB41C5F8F871B82C6049A3BCAC
docs/0928/sources/e-a-meta.json	136	2026-09-29 03:05:53 UTC+8	C40BD362CE66657CFA9DFE8E858B4BB7E011EA25CBE0E74C04053C277D95749E
docs/0928/sources/e-b-axios-full.png	510456	2026-09-29 03:02:41 UTC+8	0752DC3F6BD921DF2B19DC5D581A5499FAA0B7B80D3C79EB5BA72C48094F5BFF
docs/0928/sources/e-b-axios.html	259086	2026-09-29 03:06:57 UTC+8	0BD77CC386EABEF7B6F4157299CCD1632A8D05E36EBB579EFA3C8079943AC56B
docs/0928/sources/e-b-axios.md	38402	2026-09-29 02:56:50 UTC+8	D648055338F3F6B76F919D8AE3A286B875C266780BB94C3D263D5FDF15EC139E
docs/0928/sources/e-c-chan-full.png	1234737	2026-09-29 03:03:16 UTC+8	5A4EB03BA9A94984624C98B233E3BC57782BB842F0431EB7506D76753897786E
docs/0928/sources/e-c-chan.html	155098	2026-09-29 03:06:55 UTC+8	BDBD4437C0B3B78CD15481C379A938587BFCBF07CFE4522B279EE11DC8113CF5
docs/0928/sources/e-c-chan.json	18132	2026-09-29 03:00:22 UTC+8	9FC9E4EFFC251126F879FA432C1A5F25EAC5F3EFB2C9DF67772F5329E2978C96
docs/0928/sources/e-c-chan.md	17686	2026-09-29 03:00:22 UTC+8	EE980F40114775573116DB923F12019EF26C08515A7FC744D82CD3E6095CCAA2
docs/0928/sources/e-c-final-url.txt	43	2026-09-29 03:05:52 UTC+8	759479281515BA90B1B93943A2F714BF67FAB000B12D8C2B16285E6C8A7B8186
docs/0928/sources/e-d-final-url.txt	69	2026-09-29 03:05:51 UTC+8	8A983233AE726714C910AB94F9AEA61A010FA9BB28A0E694D6F544E66E1D3FF3
docs/0928/sources/e-d-icwork-full.png	581550	2026-09-29 03:02:40 UTC+8	0AE89EEA78FC1405643DB75A0D8BC3C188863C946EA76E3B9E30ABC104D6C5B7
docs/0928/sources/e-d-icwork.html	103613	2026-09-29 03:06:55 UTC+8	F4B66E992A6406BDD22EAC7F953680670D64665A07221F68B9C6361EAA184F40
docs/0928/sources/e-d-icwork.json	8985	2026-09-29 03:00:28 UTC+8	5830FC84BC6F581ECE83EEF619F02266916EA1E6F7D0831065D57B48266D0A51
docs/0928/sources/e-d-icwork.md	8532	2026-09-29 03:00:28 UTC+8	CB90508055EA80A62B6CA6636ED079DFD8ED2C49B24CBAC2CF2357ABC7A55DF0
docs/0928/sources/e-search-log.md	1947	2026-09-29 03:19:25 UTC+8	F8558E85D1D18CF941181C599FFE31B17418946B83F56B0338E22C268F27FEB3
docs/0928/sources/evidence.md	28411	2026-09-29 03:18:41 UTC+8	D7CE00FFAC2543C864942C2A28A6E90169A417E6E1307C8E086853274BD1B5DA
docs/0928/sources/finish-audit.ps1	9309	2026-09-29 03:18:22 UTC+8	B0B831C3B0500506C408DA236B306A42A5377FD7F523D203ACD9B50B1E2EBF47
docs/0928/sources/http-capture.tsv	2349	2026-09-29 03:06:55 UTC+8	5B20D5F4C1305681F5087B8CD19A95563EF72BB80603C3332761AD8730A79D75
docs/0928/sources/validation.md	783	2026-09-29 03:19:56 UTC+8	BB46E675CF281EE9C68BFC8F7F52C3760E5137CC4F8AF3AC217FB39FADED9910
