# index models verdict O S L task; O=Opus5.5 A=Astra S=Sol6 L=Luna6 F=Fable5.1; +=pos -=neg m=mixed n=na; verdict O/A/m/n; tasks c/w/r/h/o/u
131 S n n - n c
160 L n n n - c
211 OA O + n n o
239 OA O + n n c
337 OS n m + n c
345 OASLF m m m + c
420 OS n n n n c
485 O n n n n u
496 O n + n n c
517 O n + n n c
528 L n n n - u
543 OA n + n n c
548 O n m n n o
564 O n + n n c
652 O n + n n o
677 O n + n n c
703 L n n n + c
714 L n n n m u
721 L n n n n o
744 OAL n - n - u
776 L n n n - o
787 L n n n - c
812 L n n n m u
821 ASL n n n n c
824 L n n n - u
831 ASL n n + - u
845 L n n n m c
888 OA n n n n c
895 L n n n + u
932 AL n n n m u
949 S n n - n u
964 S n n - n u
981 L n n n - c
1010 AS n n - n u
1015 AL n n n + c
1056 A n n n n u
1067 SL n n + + o
93 O n + n n h
94 OA m + n n c
100 OSL n + + + u
104 S n n - n h
105 OSL n n n + c
107 OAF n + n n c
113 OA O + n n u
117 OA m m n n c
125 OA A m n n c
129 S n n + n u
133 O n m n n w
146 OS n + - n c
147 O n + n n c
159 O n + n n c
167 O n + n n c
168 OSL n + + - c
182 S n n - n c
187 OA m m n n c
192 OA n n n n c
193 OS n n n n c
199 OL n + n - c
202 L n n n + u
209 OSL n + - + u
213 OA m m n n w
216 OSF n + m n c
218 O n + n n c
219 OA O + n n u
224 OA n + n n c
227 O n + n n u
228 OS n + + n u
229 O n + n n o
232 OS n m - n c
234 O n + n n u
236 OA A + n n o
237 SL n n - - u
246 A n n n n c
261 S n n - n c
264 O n + n n u
266 OA m + n n u
267 ASL n n m - u
271 OA O + n n c
273 OAS n n m n c
277 OA O + n n c
286 O n + n n w
288 O n + n n c
294 OA A - n n c
295 AS n n + n c
297 S n n - n c
299 ASL n n + - c
300 OA O + n n c
301 O n + n n c
304 OA O + n n u
305 OAS O + - n c
314 OAS O + - n c
316 OAS O m - n c
317 OA n + n n c
319 O n + n n c
320 AS n n - n c
321 O n n n n u
327 SL n n m m c
328 O n + n n c
330 OS n n n n c
332 AL n n n m c
338 O n + n n c
339 OA O + n n u
342 O n + n n c
350 S n n - n u
367 S n n - n u
370 OASL n n n n c
371 L n n n + c
376 O n + n n o
377 O n m n n w
381 O n + n n c
384 OAS O + - n c
388 OA m m n n c
393 OA A n n n o
399 L n n n - c
403 L n n n + c
406 OAS m m + n c
408 OASL n n n n c
413 O n + n n c
414 AS n n + n u
421 O n + n n c
430 OASL A m + + c
432 OA m + n n c
435 O n - n n o
436 O n m n n c
439 OA O + n n u
445 AS n n - n c
446 OA O + n n h
448 L n n n - c
449 O n + n n u
450 O n + n n u
456 O n + n n c
457 OS n m m n c
458 O n + n n o
459 O n + n n u
462 OA m + n n c
463 S n n - n u
465 OA O + n n o
468 O n + n n c
469 S n n - n w
476 OA O + n n c
483 O n + n n c
487 O n + n n o
488 O n + n n c
489 OL n + n + c
491 O n + n n u
492 O n + n n w
493 AS n n m n c
494 OA O + n n c
495 O n + n n c
498 O n + n n u
501 OAS O + - n u
508 O n + n n h
510 O n + n n w
514 OS n + m n c
515 OA O + n n u
518 O n + n n c
521 AS n n - n u
524 O n + n n u
525 O n + n n c
526 O n + n n c
527 OA A - n n c
530 OA O + n n u
532 L n n n + u
536 S n n - n u
538 O n m n n c
542 OA O + n n u
544 OA O + n n c
549 S n n - n c
551 OA O + n n c
552 OF n + n n u
561 S n n n n c
566 S n n - n u
569 O n m n n c
571 OA A + n n c
572 OA O + n n u
581 O n + n n c
585 O n + n n c
589 O n - n n u
593 S n n - n c
596 S n n - n c
598 S n n + n c
600 O n + n n u
610 O n + n n u
612 O n + n n c
613 OAS n + + n c
615 O n m n n o
616 O n m n n c
627 O n + n n c
628 OA n n n n c
629 O n + n n o
630 O n + n n c
631 S n n - n c
633 OA O + n n c
643 O n + n n c
644 O n + n n u
649 OF n n n n c
651 OAS n n m n c
656 O n m n n c
657 O n m n n c
668 O n + n n c
680 OA m + n n u
684 O n n n n c
685 OA O + n n u
691 OASF O + - n c
695 O n + n n u
709 O n n n n c
713 L n n n + c
720 O n + n n u
722 OL n + n + c
725 O n + n n c
738 AFL n n n - c
750 OS n + - n u
755 O n n n n c
760 O n + n n c
762 L n n n - c
772 OF n + n n c
773 L n n n - u
782 L n n n - c
789 OAS O + - n c
791 O n + n n c
794 L n n n + u
801 O n + n n c
802 O n + n n c
803 OAS n n n n c
805 O n m n n c
808 AS n n - n c
813 OAS m + m n o
816 O n n n n c
819 O n + n n c
820 O n + n n u
823 L n n n m c
825 OL n + n + u
846 OA O + n n c
851 OA m + n n c
853 O n + n n c
854 OASL n n + n c
856 OASLF m + - - c
863 S n n - n c
866 OA n + n n r
871 OS n + - n c
873 OA n + n n o
877 OA n + n n c
879 OA m m n n u
883 OA A + n n c
892 O n m n n c
903 OAS O + - n u
906 O n + n n c
909 OA n + n n u
912 S n n - n c
914 S n n - n u
916 OA O + n n c
921 O n m n n c
923 OA n + n n c
924 O n + n n u
925 S n n - n u
927 OA O m n n c
931 OL n n n - o
938 S n n - n u
939 OAS O + - n u
942 OA A n n n c
950 OASL n + + + c
953 OS n + m n c
956 O n m n n c
958 OA m + n n u
959 O n + n n c
971 OASL O + - - u
973 O n n n n o
976 OA n + n n c
977 O n + n n u
979 OA m m n n o
980 OAS O + - n c
983 OA O + n n u
984 L n n n + u
992 OA A - n n u
993 OAF m m n n c
998 OASL n + + + u
1000 S n n - n u
1006 S n n - n u
1008 S n n - n u
1013 OS n n + n u
1018 AS n n m n u
1024 O n + n n c
1031 S n n - n u
1032 OA O + n n u
1033 OS n + + n u
1034 OA n n n n u
1035 O n + n n u
1038 OS n + - n u
1039 ASL n n - - u
1047 OA n + n n c
1052 OA A + n n w
1054 OA O + n n c
1058 OA A m n n c
1059 S n n - n u
1064 L n n n - w
1065 L n n n + w
1066 OA O + n n u
1069 OA O + n n u
1070 O n + n n c
1074 OA n n n n w
1075 O n + n n c
1076 S n n - n u
1082 OAF O + n n c
1085 OA n n n n u
1087 OA O + n n u
1092 S n n + n u
1095 L n n n + u
1097 OS n m + n c
1104 S n n + n u
1106 S n n - n o
